AREA,AREA_TITLE,AREA_TYPE,NAICS,NAICS_TITLE,I_GROUP,OWN_CODE,OCC_CODE,OCC_TITLE,O_GROUP,TOT_EMP,EMP_PRSE,JOBS_1000,LOC_QUOTIENT,PCT_TOTAL,H_MEAN,A_MEAN,MEAN_PRSE,H_PCT10,H_PCT25,H_MEDIAN,H_PCT75,H_PCT90,A_PCT10,A_PCT25,A_MEDIAN,A_PCT75,A_PCT90,ANNUAL,HOURLY,YEAR,PRIM_STATE,PCT_RPT,MAJOR_SOC,MAJOR_TITLE
99,U.S.,1,0,Cross-industry,cross-industry,1235,43-3011,Bill and Account Collectors,detailed,202840,1.3,,,,20.59,42820.0,0.4,14.19,16.73,18.98,23.22,28.66,29510.0,34800.0,39470.0,48290.0,59610.0,,,2022,US,,43,Office and Administrative Support Occupations
99,U.S.,1,0,Cross-industry,cross-industry,1235,23-2011,Paralegals and Legal Assistants,detailed,345240,1.8,,,,30.21,62840.0,2.1,18.12,22.52,28.46,36.33,45.66,37690.0,46850.0,59200.0,75560.0,94960.0,,,2022,US,,23,Legal Occupations
99,U.S.,1,0,Cross-industry,cross-industry,1235,51-8031,Water and Wastewater Treatment Plant and System Operators,detailed,126750,1.1,,,,29.15,60620.0,0.4,18.21,22.61,28.01,34.27,41.42,37870.0,47020.0,58260.0,71280.0,86160.0,,,2024,US,,51,Production Occupations
99,U.S.,1,0,Cross-industry,cross-industry,1235,51-2041,Structural Metal Fabricators and Fitters,detailed,76890,2.4,,,,20.67,43000.0,1.0,13.24,16.01,19.42,24.1,29.57,27530.0,33290.0,40390.0,50130.0,61500.0,,,2019,,,51,Production Occupations
99,U.S.,1,0,Cross-industry,cross-industry,1235,49-3052,Motorcycle Mechanics,detailed,15590,3.6,,,,19.22,39970.0,1.0,11.78,14.4,18.08,23.33,28.87,24490.0,29950.0,37600.0,48530.0,60060.0,,,2019,,,49,"Installation, Maintenance, and Repair Occupations"
99,U.S.,1,0,Cross-industry,cross-industry,1235,49-9095,Manufactured Building and Mobile Home Installers,detailed,3630,11.6,,,,18.28,38020.0,1.8,13.15,14.87,17.7,20.59,25.39,27350.0,30920.0,36820.0,42820.0,52800.0,,,2022,US,,49,"Installation, Maintenance, and Repair Occupations"
99,U.S.,1,0,Cross-industry,cross-industry,1235,51-3022,"Meat, Poultry, and Fish Cutters and Trimmers",detailed,133460,1.1,,,,16.87,35090.0,0.3,12.96,14.42,16.86,18.8,21.43,26950.0,29990.0,35070.0,39100.0,44560.0,,,2022,US,,51,Production Occupations
99,U.S.,1,0,Cross-industry,cross-industry,1235,33-9091,Crossing Guards and Flaggers,detailed,90180,2.4,,,,20.63,42910.0,1.0,14.39,16.48,18.13,22.56,29.54,29940.0,34280.0,37700.0,46920.0,61440.0,,,2024,US,,33,Protective Service Occupations
99,U.S.,1,0,Cross-industry,cross-industry,1235,25-2022,"Middle School Teachers, Except Special and Career/Technical Education",detailed,620370,1.5,,,,,70040.0,0.8,,,,,,47050.0,53540.0,62970.0,79380.0,100980.0,True,,2024,US,,25,Educational Instruction and Library Occupations
99,U.S.,1,0,Cross-industry,cross-industry,1235,51-9041,"Extruding, Forming, Pressing, and Compacting Machine Setters, Operators, and Tenders",detailed,57310,2.1,,,,22.62,47040.0,0.5,16.73,18.46,21.7,24.99,31.09,34790.0,38410.0,45130.0,51970.0,64660.0,,,2024,US,,51,Production Occupations
99,U.S.,1,0,Cross-industry,cross-industry,1235,25-1112,"Law Teachers, Postsecondary",detailed,16180,3.7,,,,,129950.0,2.1,,,,,,37600.0,59160.0,113530.0,179230.0,,True,,2019,,,25,Educational Instruction and Library Occupations
99,U.S.,1,0,Cross-industry,cross-industry,1235,53-6061,Passenger Attendants,detailed,13200,5.1,,,,17.42,36230.0,2.2,10.59,14.18,16.65,19.44,24.04,22020.0,29490.0,34630.0,40430.0,50000.0,,,2022,US,,53,Transportation and Material Moving Occupations
99,U.S.,1,0,Cross-industry,cross-industry,1235,43-4051,Customer Service Representatives,detailed,2879840,0.7,,,,19.8,41190.0,0.1,13.46,15.16,18.16,22.6,28.67,27990.0,31520.0,37780.0,47010.0,59630.0,,,2022,US,,43,Office and Administrative Support Occupations
99,U.S.,1,0,Cross-industry,cross-industry,1235,23-1012,Judicial Law Clerks,detailed,16630,1.6,,,,28.79,59890.0,2.4,16.3,20.02,25.97,34.69,46.63,33910.0,41640.0,54010.0,72160.0,96990.0,,,2019,,,23,Legal Occupations
99,U.S.,1,0,Cross-industry,cross-industry,1235,17-3012,Electrical and Electronics Drafters,detailed,20930,3.9,,,,33.0,68640.0,1.0,20.8,24.02,30.89,38.93,47.8,43270.0,49960.0,64240.0,80980.0,99420.0,,,2022,US,,17,Architecture and Engineering Occupations
99,U.S.,1,0,Cross-industry,cross-industry,1235,47-2151,Pipelayers,detailed,36070,2.3,,,,24.63,51230.0,1.1,16.43,18.42,22.11,28.7,37.39,34180.0,38300.0,45990.0,59700.0,77760.0,,,2022,US,,47,Construction and Extraction Occupations
99,U.S.,1,0,Cross-industry,cross-industry,1235,45-2099,"Agricultural Workers, All Other",detailed,6540,8.6,,,,16.31,33930.0,2.5,9.23,11.5,14.23,19.14,26.39,19200.0,23910.0,29590.0,39820.0,54890.0,,,2019,,,45,"Farming, Fishing, and Forestry Occupations"
99,U.S.,1,0,Cross-industry,cross-industry,1235,43-4011,Brokerage Clerks,detailed,42700,3.9,,,,28.46,59200.0,0.7,19.28,23.11,26.29,30.53,38.39,40090.0,48070.0,54680.0,63500.0,79860.0,,,2022,US,,43,Office and Administrative Support Occupations
99,U.S.,1,0,Cross-industry,cross-industry,1235,39-3093,"Locker Room, Coatroom, and Dressing Room Attendants",detailed,15990,3.6,,,,13.57,28230.0,1.8,8.99,10.2,12.07,15.4,19.01,18700.0,21210.0,25110.0,32030.0,39540.0,,,2019,,,39,Personal Care and Service Occupations
99,U.S.,1,0,Cross-industry,cross-industry,1235,53-6051,Transportation Inspectors,detailed,24420,2.5,,,,38.35,79770.0,0.8,17.68,26.09,38.26,46.88,60.65,36770.0,54270.0,79570.0,97510.0,126150.0,,,2022,US,,53,Transportation and Material Moving Occupations
99,U.S.,1,0,Cross-industry,cross-industry,1235,25-2021,"Elementary School Teachers, Except Special Education",detailed,1393310,0.8,,,,,69790.0,0.6,,,,,,46440.0,50680.0,62340.0,79410.0,102010.0,True,,2024,US,,25,Educational Instruction and Library Occupations
99,U.S.,1,0,Cross-industry,cross-industry,1235,37-2019,"Building Cleaning Workers, All Other",detailed,16370,7.9,,,,21.23,44150.0,2.8,14.73,17.12,20.37,23.27,29.64,30640.0,35610.0,42360.0,48400.0,61640.0,,,2024,US,,37,Building and Grounds Cleaning and Maintenance Occupations
99,U.S.,1,0,Cross-industry,cross-industry,1235,29-1029,"Dentists, All Other Specialists",detailed,5900,10.7,,,,118.52,246530.0,8.5,36.23,83.07,108.54,,,75360.0,172780.0,225770.0,,,,,2024,US,,29,Healthcare Practitioners and Technical Occupations
99,U.S.,1,0,Cross-industry,cross-industry,1235,17-3026,Industrial Engineering Technologists and Technicians,detailed,67110,2.8,,,,28.56,59400.0,0.9,17.23,21.37,27.19,34.24,42.21,35850.0,44440.0,56550.0,71220.0,87790.0,,,2019,,,17,Architecture and Engineering Occupations
99,U.S.,1,0,Cross-industry,cross-industry,1235,25-1052,"Chemistry Teachers, Postsecondary",detailed,20650,0.3,,,,,95250.0,0.6,,,,,,50130.0,62770.0,80720.0,108000.0,163180.0,True,,2022,US,,25,Educational Instruction and Library Occupations
99,U.S.,1,0,Cross-industry,cross-industry,1235,51-6099,"Textile, Apparel, and Furnishings Workers, All Other",detailed,18060,8.0,,,,14.76,30710.0,1.9,9.7,11.23,13.45,16.83,22.36,20180.0,23360.0,27970.0,35010.0,46500.0,,,2019,,,51,Production Occupations
99,U.S.,1,0,Cross-industry,cross-industry,1235,43-4041,"Credit Authorizers, Checkers, and Clerks",detailed,16290,2.9,,,,22.2,46180.0,1.4,14.82,17.55,21.55,25.62,30.81,30830.0,36500.0,44830.0,53290.0,64080.0,,,2022,US,,43,Office and Administrative Support Occupations
99,U.S.,1,0,Cross-industry,cross-industry,1235,37-3019,"Grounds Maintenance Workers, All Other",detailed,16050,6.3,,,,21.03,43750.0,2.0,14.0,15.75,19.0,24.03,32.39,29120.0,32770.0,39520.0,49980.0,67370.0,,,2022,US,,37,Building and Grounds Cleaning and Maintenance Occupations
99,U.S.,1,0,Cross-industry,cross-industry,1235,41-9022,Real Estate Sales Agents,detailed,193010,4.0,,,,31.66,65850.0,1.4,14.01,17.35,24.03,37.62,54.48,29130.0,36090.0,49980.0,78240.0,113320.0,,,2022,US,,41,Sales and Related Occupations
99,U.S.,1,0,Cross-industry,cross-industry,1235,47-2021,Brickmasons and Blockmasons,detailed,60650,2.4,,,,27.15,56470.0,1.0,15.86,19.96,25.53,31.9,42.0,32980.0,41520.0,53100.0,66360.0,87360.0,,,2019,,,47,Construction and Extraction Occupations
99,U.S.,1,0,Cross-industry,cross-industry,1235,17-2111,"Health and Safety Engineers, Except Mining Safety Engineers and Inspectors",detailed,25860,2.3,,,,45.58,94810.0,0.7,25.79,33.14,43.95,56.94,69.18,53650.0,68940.0,91410.0,118440.0,143880.0,,,2019,,,17,Architecture and Engineering Occupations
99,U.S.,1,0,Cross-industry,cross-industry,1235,51-8021,Stationary Engineers and Boiler Operators,detailed,31470,1.7,,,,34.89,72570.0,0.7,19.67,25.31,32.27,41.84,52.3,40910.0,52640.0,67120.0,87030.0,108790.0,,,2022,US,,51,Production Occupations
99,U.S.,1,0,Cross-industry,cross-industry,1235,19-4099,"Life, Physical, and Social Science Technicians, All Other",detailed,71400,1.9,,,,31.08,64640.0,0.7,17.94,22.25,28.91,37.5,48.98,37310.0,46270.0,60130.0,77990.0,101870.0,,,2024,US,,19,"Life, Physical, and Social Science Occupations"
99,U.S.,1,0,Cross-industry,cross-industry,1235,13-2053,Insurance Underwriters,detailed,100050,2.3,,,,37.33,77640.0,0.8,20.37,25.72,33.67,45.38,59.77,42360.0,53510.0,70020.0,94390.0,124320.0,,,2019,,,13,Business and Financial Operations Occupations
99,U.S.,1,0,Cross-industry,cross-industry,1235,25-1064,"Geography Teachers, Postsecondary",detailed,3340,0.6,,,,,87880.0,0.6,,,,,,49920.0,63600.0,81920.0,102950.0,133030.0,True,,2022,US,,25,Educational Instruction and Library Occupations
99,U.S.,1,0,Cross-industry,cross-industry,1235,39-5092,Manicurists and Pedicurists,detailed,147820,1.3,,,,17.74,36910.0,0.8,13.42,15.15,16.66,18.11,23.07,27910.0,31510.0,34660.0,37660.0,47990.0,,,2024,US,,39,Personal Care and Service Occupations
99,U.S.,1,0,Cross-industry,cross-industry,1235,53-7199,"Material Moving Workers, All Other",detailed,28240,4.6,,,,17.56,36530.0,1.4,11.36,12.58,15.28,21.02,27.86,23620.0,26170.0,31770.0,43730.0,57960.0,,,2019,,,53,Transportation and Material Moving Occupations
99,U.S.,1,0,Cross-industry,cross-industry,1235,51-9041,"Extruding, Forming, Pressing, and Compacting Machine Setters, Operators, and Tenders",detailed,71850,2.2,,,,17.9,37240.0,0.6,12.0,13.95,17.06,21.29,25.73,24970.0,29020.0,35480.0,44280.0,53510.0,,,2019,,,51,Production Occupations
99,U.S.,1,0,Cross-industry,cross-industry,1235,29-1216,General Internal Medicine Physicians,detailed,66640,4.1,,,,126.31,262710.0,3.0,33.7,65.02,113.63,,,70100.0,135240.0,236350.0,,,,,2024,US,,29,Healthcare Practitioners and Technical Occupations
99,U.S.,1,0,Cross-industry,cross-industry,1235,49-3092,Recreational Vehicle Service Technicians,detailed,15580,5.1,,,,20.03,41660.0,1.3,12.55,15.24,18.54,23.79,28.97,26100.0,31710.0,38570.0,49480.0,60250.0,,,2019,,,49,"Installation, Maintenance, and Repair Occupations"
99,U.S.,1,0,Cross-industry,cross-industry,1235,49-2022,"Telecommunications Equipment Installers and Repairers, Except Line Installers",detailed,153890,2.0,,,,32.04,66650.0,0.5,20.41,24.32,30.11,38.48,45.66,42440.0,50580.0,62630.0,80040.0,94970.0,,,2024,US,,49,"Installation, Maintenance, and Repair Occupations"
99,U.S.,1,0,Cross-industry,cross-industry,1235,51-2051,Fiberglass Laminators and Fabricators,detailed,18520,3.3,,,,22.75,47320.0,0.8,17.28,18.86,22.0,24.77,29.5,35950.0,39230.0,45760.0,51530.0,61370.0,,,2024,US,,51,Production Occupations
99,U.S.,1,0,Cross-industry,cross-industry,1235,13-1075,Labor Relations Specialists,detailed,64590,1.5,,,,46.7,97130.0,1.0,23.98,32.54,44.95,59.18,73.77,49880.0,67670.0,93500.0,123090.0,153440.0,,,2024,US,,13,Business and Financial Operations Occupations
99,U.S.,1,0,Cross-industry,cross-industry,1235,43-4071,File Clerks,detailed,102300,1.5,,,,16.64,34610.0,0.4,10.65,12.68,15.73,19.37,24.39,22150.0,26370.0,32710.0,40280.0,50740.0,,,2019,,,43,Office and Administrative Support Occupations
99,U.S.,1,0,Cross-industry,cross-industry,1235,53-5031,Ship Engineers,detailed,8650,6.1,,,,48.55,100980.0,2.6,25.25,34.81,41.97,51.72,67.3,52520.0,72410.0,87300.0,107580.0,139990.0,,,2022,US,,53,Transportation and Material Moving Occupations
99,U.S.,1,0,Cross-industry,cross-industry,1235,11-3051,Industrial Production Managers,detailed,211710,0.6,,,,58.13,120900.0,0.4,32.56,41.03,51.71,67.03,85.8,67720.0,85350.0,107560.0,139430.0,178470.0,,,2022,US,,11,Management Occupations
99,U.S.,1,0,Cross-industry,cross-industry,1235,51-9123,"Painting, Coating, and Decorating Workers",detailed,12430,3.7,,,,17.11,35600.0,1.0,11.09,12.9,15.84,19.8,24.78,23070.0,26820.0,32950.0,41190.0,51540.0,,,2019,,,51,Production Occupations
99,U.S.,1,0,Cross-industry,cross-industry,1235,53-5021,"Captains, Mates, and Pilots of Water Vessels",detailed,34940,3.7,,,,50.09,104190.0,1.5,20.24,29.51,45.77,60.43,76.99,42090.0,61390.0,95210.0,125700.0,160140.0,,,2022,US,,53,Transportation and Material Moving Occupations
99,U.S.,1,0,Cross-industry,cross-industry,1235,19-4044,Hydrologic Technicians,detailed,2940,7.9,,,,30.97,64410.0,1.5,19.39,22.81,28.16,38.36,45.34,40330.0,47450.0,58570.0,79790.0,94310.0,,,2024,US,,19,"Life, Physical, and Social Science Occupations"
99,U.S.,1,0,Cross-industry,cross-industry,1235,33-9032,Security Guards,detailed,1124890,0.4,,,,17.64,36700.0,0.3,11.55,13.88,16.71,18.96,24.69,24020.0,28860.0,34750.0,39440.0,51350.0,,,2022,US,,33,Protective Service Occupations
99,U.S.,1,0,Cross-industry,cross-industry,1235,51-6093,Upholsterers,detailed,20990,2.9,,,,22.58,46960.0,0.9,15.47,17.89,22.21,24.88,30.58,32190.0,37200.0,46190.0,51740.0,63600.0,,,2024,US,,51,Production Occupations
99,U.S.,1,0,Cross-industry,cross-industry,1235,43-1011,First-Line Supervisors of Office and Administrative Support Workers,detailed,1495440,0.2,,,,31.49,65510.0,0.3,18.47,23.1,29.51,37.22,46.87,38420.0,48040.0,61370.0,77430.0,97490.0,,,2022,US,,43,Office and Administrative Support Occupations
99,U.S.,1,0,Cross-industry,cross-industry,1235,13-1111,Management Analysts,detailed,709750,0.7,,,,45.94,95560.0,0.4,23.9,30.8,40.99,54.7,74.19,49700.0,64060.0,85260.0,113770.0,154310.0,,,2019,,,13,Business and Financial Operations Occupations
99,U.S.,1,0,Cross-industry,cross-industry,1235,49-3093,Tire Repairers and Changers,detailed,106620,1.4,,,,18.82,39140.0,0.4,14.37,16.34,17.85,21.06,23.51,29880.0,33990.0,37120.0,43810.0,48900.0,,,2024,US,,49,"Installation, Maintenance, and Repair Occupations"
99,U.S.,1,0,Cross-industry,cross-industry,1235,19-4071,Forest and Conservation Technicians,detailed,31080,1.3,,,,27.24,56660.0,0.3,17.4,20.46,26.11,31.74,38.84,36190.0,42560.0,54310.0,66020.0,80790.0,,,2024,US,,19,"Life, Physical, and Social Science Occupations"
99,U.S.,1,0,Cross-industry,cross-industry,1235,11-9081,Lodging Managers,detailed,39870,2.1,,,,35.21,73230.0,1.7,17.72,22.6,29.76,40.21,58.86,36860.0,47000.0,61910.0,83630.0,122440.0,,,2022,US,,11,Management Occupations
99,U.S.,1,0,Cross-industry,cross-industry,1235,43-4081,"Hotel, Motel, and Resort Desk Clerks",detailed,267940,1.1,,,,12.47,25950.0,0.4,8.82,10.07,11.76,14.02,17.09,18340.0,20940.0,24470.0,29160.0,35550.0,,,2019,,,43,Office and Administrative Support Occupations
99,U.S.,1,0,Cross-industry,cross-industry,1235,43-2099,"Communications Equipment Operators, All Other",detailed,3240,12.1,,,,22.14,46050.0,3.2,11.3,16.11,20.57,27.99,35.02,23510.0,33520.0,42790.0,58230.0,72840.0,,,2019,,,43,Office and Administrative Support Occupations
99,U.S.,1,0,Cross-industry,cross-industry,1235,25-9045,"Teaching Assistants, Except Postsecondary",detailed,1346910,0.6,,,,,29640.0,0.6,,,,,,18940.0,22920.0,27920.0,35300.0,43040.0,True,,2019,,,25,Educational Instruction and Library Occupations
99,U.S.,1,0,Cross-industry,cross-industry,1235,13-1020,Buyers and Purchasing Agents,detailed,486900,0.6,,,,39.29,81720.0,0.4,22.34,28.21,36.37,47.69,61.31,46460.0,58670.0,75650.0,99190.0,127520.0,,,2024,US,,13,Business and Financial Operations Occupations
99,U.S.,1,0,Cross-industry,cross-industry,1235,49-9081,Wind Turbine Service Technicians,detailed,9830,8.4,,,,28.79,59880.0,1.6,21.71,23.38,27.56,30.72,38.54,45150.0,48630.0,57320.0,63900.0,80170.0,,,2022,US,,49,"Installation, Maintenance, and Repair Occupations"
99,U.S.,1,0,Cross-industry,cross-industry,1235,53-4031,Railroad Conductors and Yardmasters,detailed,45710,6.4,,,,32.86,68350.0,1.4,22.04,26.63,31.73,38.48,47.17,45850.0,55390.0,65990.0,80040.0,98110.0,,,2019,,,53,Transportation and Material Moving Occupations
99,U.S.,1,0,Cross-industry,cross-industry,1235,51-3092,Food Batchmakers,detailed,159390,1.9,,,,15.92,33120.0,0.7,10.44,12.18,14.8,18.93,23.46,21720.0,25340.0,30790.0,39380.0,48790.0,,,2019,,,51,Production Occupations
99,U.S.,1,0,Cross-industry,cross-industry,1235,17-3027,Mechanical Engineering Technologists and Technicians,detailed,37450,2.4,,,,34.83,72450.0,0.7,22.57,27.56,33.04,39.89,48.51,46940.0,57330.0,68730.0,82980.0,100890.0,,,2024,US,,17,Architecture and Engineering Occupations
99,U.S.,1,0,Cross-industry,cross-industry,1235,39-6012,Concierges,detailed,41670,3.8,,,,16.48,34290.0,1.2,10.7,12.54,15.09,19.06,24.65,22250.0,26090.0,31390.0,39640.0,51270.0,,,2019,,,39,Personal Care and Service Occupations
99,U.S.,1,0,Cross-industry,cross-industry,1235,45-4029,"Logging Workers, All Other",detailed,3750,8.7,,,,19.42,40390.0,2.4,11.83,15.61,19.12,23.54,27.69,24610.0,32470.0,39780.0,48970.0,57580.0,,,2019,,,45,"Farming, Fishing, and Forestry Occupations"
99,U.S.,1,0,Cross-industry,cross-industry,1235,29-2033,Nuclear Medicine Technologists,detailed,16960,1.8,,,,47.93,99690.0,0.5,36.33,39.91,46.64,52.02,61.58,75570.0,83020.0,97020.0,108190.0,128090.0,,,2024,US,,29,Healthcare Practitioners and Technical Occupations
99,U.S.,1,0,Cross-industry,cross-industry,1235,17-1011,"Architects, Except Landscape and Naval",detailed,111140,1.9,,,,49.71,103390.0,1.0,29.09,36.59,46.49,59.28,76.83,60510.0,76110.0,96690.0,123300.0,159800.0,,,2024,US,,17,Architecture and Engineering Occupations
99,U.S.,1,0,Cross-industry,cross-industry,1235,43-2099,"Communications Equipment Operators, All Other",detailed,1240,10.4,,,,24.11,50140.0,2.9,14.2,18.69,22.2,28.26,35.73,29540.0,38880.0,46180.0,58780.0,74320.0,,,2022,US,,43,Office and Administrative Support Occupations
99,U.S.,1,0,Cross-industry,cross-industry,1235,39-9031,Exercise Trainers and Group Fitness Instructors,detailed,303620,1.5,,,,24.69,51360.0,1.0,13.26,16.39,22.2,29.29,39.45,27580.0,34090.0,46180.0,60920.0,82050.0,,,2024,US,,39,Personal Care and Service Occupations
99,U.S.,1,0,Cross-industry,cross-industry,1235,53-7064,"Packers and Packagers, Hand",detailed,633640,1.9,,,,13.31,27680.0,0.4,9.38,10.96,12.46,14.96,18.42,19510.0,22800.0,25910.0,31120.0,38320.0,,,2019,,,53,Transportation and Material Moving Occupations
99,U.S.,1,0,Cross-industry,cross-industry,1235,43-5053,"Postal Service Mail Sorters, Processors, and Processing Machine Operators",detailed,111930,0.0,,,,28.04,58310.0,0.0,20.48,22.78,27.18,35.08,35.6,42600.0,47380.0,56530.0,72970.0,74050.0,,,2024,US,,43,Office and Administrative Support Occupations
99,U.S.,1,0,Cross-industry,cross-industry,1235,27-1027,Set and Exhibit Designers,detailed,12040,6.3,,,,30.04,62480.0,2.4,14.86,18.51,26.25,37.77,50.96,30910.0,38500.0,54600.0,78560.0,105990.0,,,2019,,,27,"Arts, Design, Entertainment, Sports, and Media Occupations"
99,U.S.,1,0,Cross-industry,cross-industry,1235,47-5071,"Roustabouts, Oil and Gas",detailed,39100,3.9,,,,21.99,45750.0,0.8,15.21,17.69,20.96,24.41,29.41,31640.0,36780.0,43590.0,50780.0,61180.0,,,2022,US,,47,Construction and Extraction Occupations
99,U.S.,1,0,Cross-industry,cross-industry,1235,53-2011,"Airline Pilots, Copilots, and Flight Engineers",detailed,84520,2.6,,,,,174870.0,3.6,,,,,,74100.0,99090.0,147220.0,,,True,,2019,,,53,Transportation and Material Moving Occupations
99,U.S.,1,0,Cross-industry,cross-industry,1235,25-2059,"Special Education Teachers, All Other",detailed,39350,4.4,,,,,74180.0,1.5,,,,,,43220.0,53470.0,67430.0,87890.0,109360.0,True,,2024,US,,25,Educational Instruction and Library Occupations
99,U.S.,1,0,Cross-industry,cross-industry,1235,45-4021,Fallers,detailed,4110,9.3,,,,28.42,59120.0,2.7,17.13,20.99,25.92,31.27,40.63,35620.0,43670.0,53900.0,65040.0,84510.0,,,2024,US,,45,"Farming, Fishing, and Forestry Occupations"
99,U.S.,1,0,Cross-industry,cross-industry,1235,47-3016,Helpers--Roofers,detailed,8960,9.6,,,,16.04,33350.0,1.9,11.05,13.03,15.44,18.47,22.6,22980.0,27100.0,32110.0,38420.0,47000.0,,,2019,,,47,Construction and Extraction Occupations
99,U.S.,1,0,Cross-industry,cross-industry,1235,49-2098,Security and Fire Alarm Systems Installers,detailed,81510,2.3,,,,28.87,60040.0,0.8,18.47,22.76,28.51,34.3,39.41,38410.0,47330.0,59300.0,71340.0,81980.0,,,2024,US,,49,"Installation, Maintenance, and Repair Occupations"
99,U.S.,1,0,Cross-industry,cross-industry,1235,25-1031,"Architecture Teachers, Postsecondary",detailed,6780,3.5,,,,,98980.0,2.9,,,,,,43000.0,63450.0,87900.0,124060.0,175390.0,True,,2019,,,25,Educational Instruction and Library Occupations
99,U.S.,1,0,Cross-industry,cross-industry,1235,47-2051,Cement Masons and Concrete Finishers,detailed,205230,1.6,,,,28.54,59360.0,0.6,18.41,22.13,26.28,31.66,42.13,38290.0,46020.0,54660.0,65840.0,87620.0,,,2024,US,,47,Construction and Extraction Occupations
99,U.S.,1,0,Cross-industry,cross-industry,1235,47-2221,Structural Iron and Steel Workers,detailed,66810,2.4,,,,31.15,64800.0,1.0,18.22,22.56,29.09,38.04,48.53,37890.0,46910.0,60500.0,79120.0,100930.0,,,2022,US,,47,Construction and Extraction Occupations
99,U.S.,1,0,Cross-industry,cross-industry,1235,11-9021,Construction Managers,detailed,303220,1.9,,,,54.22,112790.0,0.6,29.91,37.96,48.79,63.11,80.96,62210.0,78950.0,101480.0,131280.0,168390.0,,,2022,US,,11,Management Occupations
99,U.S.,1,0,Cross-industry,cross-industry,1235,43-9051,"Mail Clerks and Mail Machine Operators, Except Postal Service",detailed,67750,2.0,,,,17.41,36210.0,0.4,12.63,14.61,16.86,19.19,23.07,26280.0,30390.0,35070.0,39920.0,47990.0,,,2022,US,,43,Office and Administrative Support Occupations
99,U.S.,1,0,Cross-industry,cross-industry,1235,49-3021,Automotive Body and Related Repairers,detailed,144180,1.3,,,,22.79,47390.0,0.6,12.84,16.29,20.95,27.58,35.32,26710.0,33870.0,43580.0,57370.0,73470.0,,,2019,,,49,"Installation, Maintenance, and Repair Occupations"
99,U.S.,1,0,Cross-industry,cross-industry,1235,31-9091,Dental Assistants,detailed,363880,1.0,,,,21.5,44710.0,0.4,15.12,17.75,21.55,23.5,28.46,31450.0,36910.0,44820.0,48870.0,59200.0,,,2022,US,,31,Healthcare Support Occupations
99,U.S.,1,0,Cross-industry,cross-industry,1235,47-2072,Pile Driver Operators,detailed,3290,9.3,,,,33.76,70220.0,3.4,18.39,23.1,30.92,45.36,51.72,38260.0,48050.0,64310.0,94340.0,107580.0,,,2022,US,,47,Construction and Extraction Occupations
99,U.S.,1,0,Cross-industry,cross-industry,1235,53-1041,Aircraft Cargo Handling Supervisors,detailed,9500,6.2,,,,27.87,57960.0,1.6,16.87,19.84,25.89,35.24,40.22,35090.0,41260.0,53850.0,73300.0,83650.0,,,2019,,,53,Transportation and Material Moving Occupations
99,U.S.,1,0,Cross-industry,cross-industry,1235,17-2031,Bioengineers and Biomedical Engineers,detailed,19210,4.6,,,,51.95,108060.0,1.5,30.49,37.74,47.86,62.13,76.51,63420.0,78500.0,99550.0,129230.0,159130.0,,,2022,US,,17,Architecture and Engineering Occupations
99,U.S.,1,0,Cross-industry,cross-industry,1235,39-4012,Crematory Operators,detailed,2930,10.8,,,,20.73,43120.0,1.7,14.73,16.75,19.4,22.74,27.84,30630.0,34840.0,40360.0,47300.0,57910.0,,,2022,US,,39,Personal Care and Service Occupations
99,U.S.,1,0,Cross-industry,cross-industry,1235,29-1216,General Internal Medicine Physicians,detailed,67220,2.6,,,,108.3,225270.0,1.4,31.07,45.5,103.11,,,64620.0,94630.0,214460.0,,,,,2022,US,,29,Healthcare Practitioners and Technical Occupations
99,U.S.,1,0,Cross-industry,cross-industry,1235,17-2131,Materials Engineers,detailed,26820,2.4,,,,47.06,97890.0,0.8,27.57,34.82,44.88,57.78,71.62,57340.0,72420.0,93360.0,120180.0,148960.0,,,2019,,,17,Architecture and Engineering Occupations
99,U.S.,1,0,Cross-industry,cross-industry,1235,51-3023,Slaughterers and Meat Packers,detailed,73390,3.2,,,,14.23,29600.0,0.8,10.32,12.07,14.05,16.39,18.6,21470.0,25100.0,29230.0,34090.0,38690.0,,,2019,,,51,Production Occupations
99,U.S.,1,0,Cross-industry,cross-industry,1235,41-3021,Insurance Sales Agents,detailed,445540,1.3,,,,37.0,76950.0,2.1,15.16,19.25,27.82,39.41,62.67,31530.0,40030.0,57860.0,81970.0,130350.0,,,2022,US,,41,Sales and Related Occupations
99,U.S.,1,0,Cross-industry,cross-industry,1235,49-3042,"Mobile Heavy Equipment Mechanics, Except Engines",detailed,180270,1.6,,,,32.49,67580.0,0.9,21.85,25.72,30.76,37.54,44.41,45450.0,53500.0,63980.0,78090.0,92360.0,,,2024,US,,49,"Installation, Maintenance, and Repair Occupations"
99,U.S.,1,0,Cross-industry,cross-industry,1235,49-9099,"Installation, Maintenance, and Repair Workers, All Other",detailed,161290,2.1,,,,21.06,43800.0,0.5,12.23,15.09,19.15,25.8,31.63,25440.0,31380.0,39830.0,53670.0,65800.0,,,2019,,,49,"Installation, Maintenance, and Repair Occupations"
99,U.S.,1,0,Cross-industry,cross-industry,1235,33-1012,First-Line Supervisors of Police and Detectives,detailed,121340,0.5,,,,45.65,94950.0,0.6,25.15,32.77,43.79,57.2,70.47,52320.0,68170.0,91090.0,118970.0,146580.0,,,2019,,,33,Protective Service Occupations
99,U.S.,1,0,Cross-industry,cross-industry,1235,49-2095,"Electrical and Electronics Repairers, Powerhouse, Substation, and Relay",detailed,25440,3.1,,,,42.68,88770.0,1.1,26.53,34.15,45.06,50.35,56.36,55170.0,71030.0,93720.0,104720.0,117220.0,,,2022,US,,49,"Installation, Maintenance, and Repair Occupations"
99,U.S.,1,0,Cross-industry,cross-industry,1235,25-1031,"Architecture Teachers, Postsecondary",detailed,9120,1.2,,,,,110360.0,0.9,,,,,,59590.0,78090.0,101480.0,129310.0,166720.0,True,,2024,US,,25,Educational Instruction and Library Occupations
99,U.S.,1,0,Cross-industry,cross-industry,1235,25-2051,"Special Education Teachers, Preschool",detailed,22970,5.4,,,,,69620.0,1.1,,,,,,38020.0,48760.0,62240.0,81270.0,113700.0,True,,2022,US,,25,Educational Instruction and Library Occupations
99,U.S.,1,0,Cross-industry,cross-industry,1235,27-1022,Fashion Designers,detailed,22030,4.2,,,,41.4,86110.0,2.5,17.92,25.2,35.48,48.48,71.64,37260.0,52410.0,73790.0,100830.0,149010.0,,,2019,,,27,"Arts, Design, Entertainment, Sports, and Media Occupations"
99,U.S.,1,0,Cross-industry,cross-industry,1235,43-5052,Postal Service Mail Carriers,detailed,326760,0.0,,,,27.04,56240.0,0.0,19.06,20.95,26.08,34.3,34.3,39640.0,43580.0,54250.0,71340.0,71340.0,,,2022,US,,43,Office and Administrative Support Occupations
99,U.S.,1,0,Cross-industry,cross-industry,1235,13-1081,Logisticians,detailed,202970,0.8,,,,39.05,81220.0,0.4,22.24,28.86,37.27,47.79,59.64,46260.0,60020.0,77520.0,99400.0,124050.0,,,2022,US,,13,Business and Financial Operations Occupations
99,U.S.,1,0,Cross-industry,cross-industry,1235,25-2052,"Special Education Teachers, Kindergarten and Elementary School",detailed,195010,1.3,,,,,68580.0,0.7,,,,,,45730.0,50450.0,62390.0,79580.0,101100.0,True,,2022,US,,25,Educational Instruction and Library Occupations
99,U.S.,1,0,Cross-industry,cross-industry,1235,17-3022,Civil Engineering Technologists and Technicians,detailed,62350,2.1,,,,29.56,61480.0,1.2,17.99,22.26,28.67,35.86,41.22,37430.0,46300.0,59630.0,74590.0,85740.0,,,2022,US,,17,Architecture and Engineering Occupations
99,U.S.,1,0,Cross-industry,cross-industry,1235,27-2021,Athletes and Sports Competitors,detailed,14370,7.3,,,,,259750.0,12.9,,,,,,24960.0,36750.0,62360.0,130770.0,,True,,2024,US,,27,"Arts, Design, Entertainment, Sports, and Media Occupations"
99,U.S.,1,0,Cross-industry,cross-industry,1235,29-2055,Surgical Technologists,detailed,109000,1.1,,,,24.09,50110.0,0.3,16.07,19.11,23.22,28.52,34.33,33420.0,39760.0,48300.0,59320.0,71400.0,,,2019,,,29,Healthcare Practitioners and Technical Occupations
99,U.S.,1,0,Cross-industry,cross-industry,1235,43-5053,"Postal Service Mail Sorters, Processors, and Processing Machine Operators",detailed,102390,0.0,,,,24.61,51190.0,0.3,17.19,18.77,28.91,29.21,29.46,35760.0,39030.0,60140.0,60750.0,61270.0,,,2019,,,43,Office and Administrative Support Occupations
99,U.S.,1,0,Cross-industry,cross-industry,1235,49-2095,"Electrical and Electronics Repairers, Powerhouse, Substation, and Relay",detailed,23040,2.4,,,,46.86,97460.0,0.7,29.24,38.43,48.53,55.16,61.53,60820.0,79930.0,100940.0,114740.0,127970.0,,,2024,US,,49,"Installation, Maintenance, and Repair Occupations"
99,U.S.,1,0,Cross-industry,cross-industry,1235,17-2171,Petroleum Engineers,detailed,18970,5.8,,,,73.83,153560.0,1.9,37.9,51.6,67.92,91.87,110.0,78840.0,107330.0,141280.0,191100.0,228790.0,,,2024,US,,17,Architecture and Engineering Occupations
99,U.S.,1,0,Cross-industry,cross-industry,1235,33-2011,Firefighters,detailed,332240,1.1,,,,30.72,63890.0,0.5,16.58,21.24,28.62,37.22,48.72,34490.0,44180.0,59530.0,77410.0,101330.0,,,2024,US,,33,Protective Service Occupations
99,U.S.,1,0,Cross-industry,cross-industry,1235,43-5051,Postal Service Clerks,detailed,81170,0.0,,,,24.33,50610.0,0.2,17.2,20.75,23.23,29.21,29.8,35770.0,43170.0,48330.0,60750.0,61980.0,,,2019,,,43,Office and Administrative Support Occupations
99,U.S.,1,0,Cross-industry,cross-industry,1235,27-1021,Commercial and Industrial Designers,detailed,30450,2.4,,,,39.3,81740.0,1.5,21.0,27.96,36.5,48.15,60.47,43680.0,58170.0,75910.0,100140.0,125780.0,,,2022,US,,27,"Arts, Design, Entertainment, Sports, and Media Occupations"
99,U.S.,1,0,Cross-industry,cross-industry,1235,25-2012,"Kindergarten Teachers, Except Special Education",detailed,119250,1.2,,,,,65120.0,0.8,,,,,,40620.0,48550.0,60490.0,77200.0,100020.0,True,,2022,US,,25,Educational Instruction and Library Occupations
99,U.S.,1,0,Cross-industry,cross-industry,1235,11-3061,Purchasing Managers,detailed,75070,1.4,,,,67.62,140650.0,0.4,38.46,48.94,63.15,80.28,100.96,80000.0,101790.0,131350.0,166980.0,210000.0,,,2022,US,,11,Management Occupations
99,U.S.,1,0,Cross-industry,cross-industry,1235,43-9051,"Mail Clerks and Mail Machine Operators, Except Postal Service",detailed,83580,2.5,,,,15.68,32620.0,0.5,10.28,12.22,14.89,18.49,22.65,21380.0,25420.0,30960.0,38470.0,47110.0,,,2019,,,43,Office and Administrative Support Occupations
99,U.S.,1,0,Cross-industry,cross-industry,1235,13-2031,Budget Analysts,detailed,47170,1.1,,,,45.15,93920.0,0.5,29.09,34.73,42.27,53.07,64.73,60510.0,72240.0,87930.0,110380.0,134640.0,,,2024,US,,13,Business and Financial Operations Occupations
99,U.S.,1,0,Cross-industry,cross-industry,1235,37-3011,Landscaping and Groundskeeping Workers,detailed,914230,0.6,,,,17.92,37270.0,0.3,13.24,14.61,17.26,20.2,23.33,27550.0,30400.0,35890.0,42020.0,48530.0,,,2022,US,,37,Building and Grounds Cleaning and Maintenance Occupations
99,U.S.,1,0,Cross-industry,cross-industry,1235,29-1298,"Acupuncturists and Healthcare Diagnosing or Treating Practitioners, All Other",detailed,36500,2.3,,,,42.82,89060.0,3.9,20.25,27.33,36.37,55.29,71.61,42120.0,56840.0,75640.0,115010.0,148950.0,,,2019,,,29,Healthcare Practitioners and Technical Occupations
99,U.S.,1,0,Cross-industry,cross-industry,1235,39-3012,Gambling and Sports Book Writers and Runners,detailed,9970,7.5,,,,13.38,27830.0,1.8,9.3,10.5,11.9,14.92,20.69,19350.0,21850.0,24750.0,31030.0,43030.0,,,2019,,,39,Personal Care and Service Occupations
99,U.S.,1,0,Cross-industry,cross-industry,1235,39-7010,Tour and Travel Guides,detailed,41180,3.0,,,,18.17,37790.0,1.2,11.25,13.57,16.56,20.61,26.51,23400.0,28220.0,34440.0,42870.0,55130.0,,,2022,US,,39,Personal Care and Service Occupations
99,U.S.,1,0,Cross-industry,cross-industry,1235,21-1099,"Community and Social Service Specialists, All Other",detailed,97480,1.5,,,,22.55,46900.0,1.0,12.52,16.19,21.05,27.56,35.2,26030.0,33680.0,43790.0,57320.0,73220.0,,,2019,,,21,Community and Social Service Occupations
99,U.S.,1,0,Cross-industry,cross-industry,1235,33-3011,Bailiffs,detailed,19650,1.0,,,,24.92,51840.0,1.4,11.84,16.6,22.99,32.3,39.86,24620.0,34530.0,47830.0,67180.0,82900.0,,,2019,,,33,Protective Service Occupations
99,U.S.,1,0,Cross-industry,cross-industry,1235,11-2011,Advertising and Promotions Managers,detailed,22010,3.1,,,,70.7,147050.0,2.2,29.03,40.87,61.46,83.14,,60380.0,85020.0,127830.0,172920.0,,,,2022,US,,11,Management Occupations
99,U.S.,1,0,Cross-industry,cross-industry,1235,49-9097,Signal and Track Switch Repairers,detailed,6880,0.7,,,,37.2,77370.0,0.6,24.05,32.87,39.09,41.72,44.66,50020.0,68370.0,81300.0,86770.0,92900.0,,,2022,US,,49,"Installation, Maintenance, and Repair Occupations"
99,U.S.,1,0,Cross-industry,cross-industry,1235,19-2021,Atmospheric and Space Scientists,detailed,9900,3.5,,,,45.01,93610.0,1.1,24.28,31.83,40.28,55.48,68.04,50490.0,66210.0,83780.0,115400.0,141520.0,,,2022,US,,19,"Life, Physical, and Social Science Occupations"
99,U.S.,1,0,Cross-industry,cross-industry,1235,37-2019,"Building Cleaning Workers, All Other",detailed,15630,6.9,,,,19.89,41360.0,2.5,12.48,14.95,17.88,22.09,28.26,25950.0,31090.0,37200.0,45940.0,58780.0,,,2022,US,,37,Building and Grounds Cleaning and Maintenance Occupations
99,U.S.,1,0,Cross-industry,cross-industry,1235,41-3011,Advertising Sales Agents,detailed,106560,1.9,,,,35.22,73260.0,1.4,14.67,19.23,28.1,39.84,63.77,30510.0,39990.0,58450.0,82880.0,132640.0,,,2022,US,,41,Sales and Related Occupations
99,U.S.,1,0,Cross-industry,cross-industry,1235,15-2011,Actuaries,detailed,25010,4.3,,,,61.34,127580.0,0.9,34.5,40.77,54.8,74.84,95.82,71760.0,84800.0,113990.0,155670.0,199300.0,,,2022,US,,15,Computer and Mathematical Occupations
99,U.S.,1,0,Cross-industry,cross-industry,1235,51-9141,Semiconductor Processing Technicians,detailed,23860,3.7,,,,23.25,48370.0,0.5,15.92,17.84,21.49,26.75,34.63,33120.0,37100.0,44690.0,55630.0,72030.0,,,2022,US,,51,Production Occupations
99,U.S.,1,0,Cross-industry,cross-industry,1235,29-9099,"Healthcare Practitioners and Technical Workers, All Other",detailed,36970,1.9,,,,35.19,73200.0,1.0,17.9,21.76,30.78,43.75,61.22,37220.0,45250.0,64030.0,91000.0,127340.0,,,2024,US,,29,Healthcare Practitioners and Technical Occupations
99,U.S.,1,0,Cross-industry,cross-industry,1235,53-7073,Wellhead Pumpers,detailed,12970,5.7,,,,26.48,55080.0,1.7,16.01,19.47,26.46,32.66,38.6,33300.0,40500.0,55040.0,67930.0,80280.0,,,2019,,,53,Transportation and Material Moving Occupations
99,U.S.,1,0,Cross-industry,cross-industry,1235,19-2043,Hydrologists,detailed,6440,3.6,,,,41.5,86330.0,1.0,24.62,30.6,39.07,50.14,61.25,51220.0,63650.0,81270.0,104280.0,127400.0,,,2019,,,19,"Life, Physical, and Social Science Occupations"
99,U.S.,1,0,Cross-industry,cross-industry,1235,23-1021,"Administrative Law Judges, Adjudicators, and Hearing Officers",detailed,16230,0.4,,,,58.95,122620.0,0.3,27.39,36.98,55.4,77.55,98.07,56970.0,76920.0,115230.0,161290.0,203990.0,,,2024,US,,23,Legal Occupations
99,U.S.,1,0,Cross-industry,cross-industry,1235,43-2021,Telephone Operators,detailed,4740,5.6,,,,18.24,37940.0,1.4,11.23,13.32,17.19,22.9,27.7,23360.0,27700.0,35750.0,47630.0,57620.0,,,2019,,,43,Office and Administrative Support Occupations
99,U.S.,1,0,Cross-industry,cross-industry,1235,43-4151,Order Clerks,detailed,137180,2.5,,,,17.6,36600.0,0.7,11.18,13.13,16.46,20.99,25.99,23260.0,27300.0,34240.0,43660.0,54050.0,,,2019,,,43,Office and Administrative Support Occupations
99,U.S.,1,0,Cross-industry,cross-industry,1235,29-1127,Speech-Language Pathologists,detailed,162760,1.7,,,,43.01,89460.0,0.4,27.1,32.07,40.45,50.24,60.91,56370.0,66700.0,84140.0,104500.0,126680.0,,,2022,US,,29,Healthcare Practitioners and Technical Occupations
99,U.S.,1,0,Cross-industry,cross-industry,1235,45-2093,"Farmworkers, Farm, Ranch, and Aquacultural Animals",detailed,36630,3.0,,,,14.37,29880.0,0.8,9.1,10.86,13.38,17.03,21.01,18930.0,22580.0,27830.0,35420.0,43700.0,,,2019,,,45,"Farming, Fishing, and Forestry Occupations"
99,U.S.,1,0,Cross-industry,cross-industry,1235,49-2021,"Radio, Cellular, and Tower Equipment Installers and Repairers",detailed,11400,6.6,,,,33.26,69180.0,1.7,20.37,24.33,30.86,40.76,49.3,42360.0,50610.0,64190.0,84770.0,102550.0,,,2024,US,,49,"Installation, Maintenance, and Repair Occupations"
99,U.S.,1,0,Cross-industry,cross-industry,1235,31-2022,Physical Therapist Aides,detailed,49270,2.3,,,,14.03,29180.0,0.7,9.76,11.21,12.98,15.53,19.11,20310.0,23320.0,27000.0,32310.0,39740.0,,,2019,,,31,Healthcare Support Occupations
99,U.S.,1,0,Cross-industry,cross-industry,1235,37-3013,Tree Trimmers and Pruners,detailed,47210,5.2,,,,20.44,42510.0,1.6,12.72,15.46,19.22,24.42,30.0,26450.0,32160.0,39980.0,50800.0,62390.0,,,2019,,,37,Building and Grounds Cleaning and Maintenance Occupations
99,U.S.,1,0,Cross-industry,cross-industry,1235,19-3091,Anthropologists and Archeologists,detailed,8070,6.2,,,,34.17,71070.0,1.4,21.4,24.63,31.21,39.94,50.24,44510.0,51240.0,64910.0,83080.0,104510.0,,,2024,US,,19,"Life, Physical, and Social Science Occupations"
99,U.S.,1,0,Cross-industry,cross-industry,1235,17-3031,Surveying and Mapping Technicians,detailed,56720,2.6,,,,27.35,56890.0,0.7,17.75,21.24,24.97,31.37,38.88,36910.0,44180.0,51940.0,65240.0,80870.0,,,2024,US,,17,Architecture and Engineering Occupations
99,U.S.,1,0,Cross-industry,cross-industry,1235,47-2081,Drywall and Ceiling Tile Installers,detailed,91590,1.8,,,,27.83,57880.0,1.2,16.95,20.12,24.25,31.45,46.23,35250.0,41840.0,50440.0,65420.0,96160.0,,,2022,US,,47,Construction and Extraction Occupations
99,U.S.,1,0,Cross-industry,cross-industry,1235,53-7121,"Tank Car, Truck, and Ship Loaders",detailed,11620,8.1,,,,22.88,47580.0,2.4,13.51,16.23,20.36,29.23,36.56,28090.0,33760.0,42360.0,60800.0,76050.0,,,2019,,,53,Transportation and Material Moving Occupations
99,U.S.,1,0,Cross-industry,cross-industry,1235,19-4099,"Life, Physical, and Social Science Technicians, All Other",detailed,70770,2.0,,,,27.78,57790.0,1.1,15.99,18.93,24.18,31.61,43.63,33270.0,39360.0,50290.0,65740.0,90760.0,,,2022,US,,19,"Life, Physical, and Social Science Occupations"
99,U.S.,1,0,Cross-industry,cross-industry,1235,47-2043,Floor Sanders and Finishers,detailed,4270,9.0,,,,23.72,49330.0,3.6,14.25,17.11,22.14,29.09,36.23,29640.0,35600.0,46060.0,60500.0,75360.0,,,2022,US,,47,Construction and Extraction Occupations
99,U.S.,1,0,Cross-industry,cross-industry,1235,29-1128,Exercise Physiologists,detailed,6580,3.8,,,,26.84,55820.0,0.6,18.87,22.15,24.69,30.22,37.49,39250.0,46070.0,51350.0,62850.0,77980.0,,,2022,US,,29,Healthcare Practitioners and Technical Occupations
99,U.S.,1,0,Cross-industry,cross-industry,1235,29-2032,Diagnostic Medical Sonographers,detailed,72790,1.2,,,,36.44,75780.0,0.3,25.37,29.73,35.73,42.85,49.07,52770.0,61830.0,74320.0,89130.0,102060.0,,,2019,,,29,Healthcare Practitioners and Technical Occupations
99,U.S.,1,0,Cross-industry,cross-industry,1235,29-1222,"Physicians, Pathologists",detailed,12320,6.4,,,,121.56,252850.0,2.9,32.3,69.93,,,,67190.0,145450.0,,,,,,2022,US,,29,Healthcare Practitioners and Technical Occupations
99,U.S.,1,0,Cross-industry,cross-industry,1235,27-1019,"Artists and Related Workers, All Other",detailed,7550,7.6,,,,32.57,67750.0,4.0,13.44,18.48,31.01,44.72,52.84,27950.0,38440.0,64490.0,93010.0,109900.0,,,2019,,,27,"Arts, Design, Entertainment, Sports, and Media Occupations"
99,U.S.,1,0,Cross-industry,cross-industry,1235,51-7099,"Woodworkers, All Other",detailed,6590,6.5,,,,21.03,43730.0,1.4,14.65,17.26,19.82,23.47,29.27,30470.0,35890.0,41220.0,48820.0,60870.0,,,2024,US,,51,Production Occupations
99,U.S.,1,0,Cross-industry,cross-industry,1235,15-1211,Computer Systems Analysts,detailed,505210,1.4,,,,51.7,107530.0,0.5,29.52,38.03,49.15,62.69,77.88,61390.0,79100.0,102240.0,130400.0,161980.0,,,2022,US,,15,Computer and Mathematical Occupations
99,U.S.,1,0,Cross-industry,cross-industry,1235,47-2171,Reinforcing Iron and Rebar Workers,detailed,18870,5.7,,,,26.27,54650.0,2.3,15.83,18.81,23.6,31.04,43.17,32930.0,39130.0,49100.0,64550.0,89790.0,,,2019,,,47,Construction and Extraction Occupations
99,U.S.,1,0,Cross-industry,cross-industry,1235,43-4141,New Accounts Clerks,detailed,45170,3.9,,,,20.62,42880.0,0.6,15.75,17.61,19.63,22.71,26.63,32760.0,36620.0,40820.0,47230.0,55400.0,,,2022,US,,43,Office and Administrative Support Occupations
99,U.S.,1,0,Cross-industry,cross-industry,1235,49-9064,Watch and Clock Repairers,detailed,1300,12.8,,,,30.03,62450.0,3.4,19.19,22.37,29.18,37.18,44.5,39920.0,46530.0,60690.0,77340.0,92570.0,,,2024,US,,49,"Installation, Maintenance, and Repair Occupations"
99,U.S.,1,0,Cross-industry,cross-industry,1235,47-5012,"Rotary Drill Operators, Oil and Gas",detailed,21010,5.8,,,,27.44,57070.0,1.5,15.71,20.42,26.43,33.4,40.18,32670.0,42470.0,54980.0,69480.0,83570.0,,,2019,,,47,Construction and Extraction Occupations
99,U.S.,1,0,Cross-industry,cross-industry,1235,19-1042,"Medical Scientists, Except Epidemiologists",detailed,110550,1.6,,,,53.21,110670.0,1.3,27.98,32.11,48.04,63.88,81.85,58190.0,66780.0,99930.0,132870.0,170260.0,,,2022,US,,19,"Life, Physical, and Social Science Occupations"
99,U.S.,1,0,Cross-industry,cross-industry,1235,25-1082,"Library Science Teachers, Postsecondary",detailed,4100,1.2,,,,,84320.0,0.6,,,,,,53590.0,62130.0,78630.0,97020.0,126200.0,True,,2024,US,,25,Educational Instruction and Library Occupations
99,U.S.,1,0,Cross-industry,cross-industry,1235,45-1011,"First-Line Supervisors of Farming, Fishing, and Forestry Workers",detailed,29530,2.4,,,,30.46,63360.0,0.9,19.04,22.91,28.53,36.84,43.68,39610.0,47660.0,59330.0,76640.0,90840.0,,,2024,US,,45,"Farming, Fishing, and Forestry Occupations"
99,U.S.,1,0,Cross-industry,cross-industry,1235,25-1125,"History Teachers, Postsecondary",detailed,19860,0.4,,,,,93710.0,0.7,,,,,,47730.0,62370.0,81500.0,106770.0,158140.0,True,,2024,US,,25,Educational Instruction and Library Occupations
99,U.S.,1,0,Cross-industry,cross-industry,1235,35-2012,"Cooks, Institution and Cafeteria",detailed,448260,0.7,,,,17.94,37310.0,0.4,12.88,14.68,17.53,20.61,23.23,26800.0,30530.0,36450.0,42860.0,48320.0,,,2024,US,,35,Food Preparation and Serving Related Occupations
99,U.S.,1,0,Cross-industry,cross-industry,1235,27-3041,Editors,detailed,101430,1.4,,,,40.78,84820.0,1.3,18.46,24.46,35.14,49.45,69.83,38400.0,50880.0,73080.0,102850.0,145240.0,,,2022,US,,27,"Arts, Design, Entertainment, Sports, and Media Occupations"
99,U.S.,1,0,Cross-industry,cross-industry,1235,25-4012,Curators,detailed,12890,2.9,,,,28.43,59130.0,0.9,14.78,19.7,26.24,35.27,45.55,30740.0,40980.0,54570.0,73370.0,94750.0,,,2019,,,25,Educational Instruction and Library Occupations
99,U.S.,1,0,Cross-industry,cross-industry,1235,17-3011,Architectural and Civil Drafters,detailed,105960,2.2,,,,29.64,61660.0,0.7,18.16,22.88,28.76,35.79,41.44,37770.0,47580.0,59820.0,74440.0,86180.0,,,2022,US,,17,Architecture and Engineering Occupations
99,U.S.,1,0,Cross-industry,cross-industry,1235,51-8031,Water and Wastewater Treatment Plant and System Operators,detailed,123730,1.0,,,,24.28,50490.0,0.5,13.87,17.66,22.96,29.43,37.31,28850.0,36740.0,47760.0,61220.0,77600.0,,,2019,,,51,Production Occupations
99,U.S.,1,0,Cross-industry,cross-industry,1235,39-9032,Recreation Workers,detailed,270380,1.1,,,,16.43,34170.0,0.5,10.86,13.0,15.23,18.03,23.21,22580.0,27040.0,31680.0,37500.0,48270.0,,,2022,US,,39,Personal Care and Service Occupations
99,U.S.,1,0,Cross-industry,cross-industry,1235,49-9031,Home Appliance Repairers,detailed,31940,4.5,,,,25.76,53580.0,1.5,16.0,19.37,23.76,29.69,37.4,33280.0,40280.0,49410.0,61750.0,77800.0,,,2024,US,,49,"Installation, Maintenance, and Repair Occupations"
99,U.S.,1,0,Cross-industry,cross-industry,1235,17-2171,Petroleum Engineers,detailed,32620,4.2,,,,75.37,156780.0,2.5,38.11,51.45,66.21,92.99,,79270.0,107020.0,137720.0,193430.0,,,,2019,,,17,Architecture and Engineering Occupations
99,U.S.,1,0,Cross-industry,cross-industry,1235,53-6041,Traffic Technicians,detailed,7310,4.5,,,,26.31,54720.0,1.2,16.52,19.42,24.06,31.17,40.64,34370.0,40390.0,50050.0,64830.0,84520.0,,,2022,US,,53,Transportation and Material Moving Occupations
99,U.S.,1,0,Cross-industry,cross-industry,1235,25-9099,"Educational Instruction and Library Workers, All Other",detailed,129040,1.8,,,,22.1,45970.0,1.7,9.06,12.26,19.38,28.24,39.11,18840.0,25500.0,40310.0,58740.0,81360.0,,,2019,,,25,Educational Instruction and Library Occupations
99,U.S.,1,0,Cross-industry,cross-industry,1235,43-9041,Insurance Claims and Policy Processing Clerks,detailed,257000,1.9,,,,20.81,43280.0,0.4,13.64,16.36,19.59,24.3,29.76,28380.0,34030.0,40750.0,50550.0,61910.0,,,2019,,,43,Office and Administrative Support Occupations
99,U.S.,1,0,Cross-industry,cross-industry,1235,21-1092,Probation Officers and Correctional Treatment Specialists,detailed,88120,0.6,,,,28.8,59910.0,0.9,17.49,20.69,26.1,34.83,45.61,36370.0,43040.0,54290.0,72450.0,94860.0,,,2019,,,21,Community and Social Service Occupations
99,U.S.,1,0,Cross-industry,cross-industry,1235,53-2031,Flight Attendants,detailed,108480,0.8,,,,,67020.0,0.4,,,,,,37690.0,47760.0,63760.0,82410.0,97170.0,True,,2022,US,,53,Transportation and Material Moving Occupations
99,U.S.,1,0,Cross-industry,cross-industry,1235,17-2072,"Electronics Engineers, Except Computer",detailed,106640,1.7,,,,56.95,118460.0,0.9,36.0,41.44,52.0,66.28,82.42,74880.0,86190.0,108170.0,137870.0,171430.0,,,2022,US,,17,Architecture and Engineering Occupations
99,U.S.,1,0,Cross-industry,cross-industry,1235,13-1161,Market Research Analysts and Marketing Specialists,detailed,861140,0.7,,,,41.58,86480.0,0.4,20.23,27.03,37.0,50.42,69.52,42070.0,56220.0,76950.0,104870.0,144610.0,,,2024,US,,13,Business and Financial Operations Occupations
99,U.S.,1,0,Cross-industry,cross-industry,1235,25-1192,"Family and Consumer Sciences Teachers, Postsecondary",detailed,2150,4.6,,,,,85270.0,3.3,,,,,,36430.0,54540.0,76480.0,101880.0,137050.0,True,,2019,,,25,Educational Instruction and Library Occupations
99,U.S.,1,0,Cross-industry,cross-industry,1235,25-1122,"Communications Teachers, Postsecondary",detailed,27350,0.4,,,,,84700.0,0.6,,,,,,46930.0,58520.0,76250.0,99850.0,133720.0,True,,2022,US,,25,Educational Instruction and Library Occupations
99,U.S.,1,0,Cross-industry,cross-industry,1235,51-3093,Food Cooking Machine Operators and Tenders,detailed,27660,3.8,,,,20.16,41930.0,0.8,14.68,16.98,19.49,22.8,26.04,30540.0,35310.0,40550.0,47420.0,54170.0,,,2024,US,,51,Production Occupations
99,U.S.,1,0,Cross-industry,cross-industry,1235,23-1021,"Administrative Law Judges, Adjudicators, and Hearing Officers",detailed,14380,0.4,,,,48.19,100230.0,0.5,22.1,31.31,47.05,62.44,82.7,45970.0,65130.0,97870.0,129880.0,172010.0,,,2019,,,23,Legal Occupations
99,U.S.,1,0,Cross-industry,cross-industry,1235,51-8099,"Plant and System Operators, All Other",detailed,15950,4.9,,,,31.0,64490.0,1.6,19.35,23.01,29.67,36.98,44.59,40250.0,47860.0,61710.0,76910.0,92750.0,,,2024,US,,51,Production Occupations
99,U.S.,1,0,Cross-industry,cross-industry,1235,49-9043,"Maintenance Workers, Machinery",detailed,56540,1.8,,,,29.72,61820.0,0.5,19.27,23.36,29.09,34.74,40.17,40080.0,48600.0,60500.0,72260.0,83560.0,,,2024,US,,49,"Installation, Maintenance, and Repair Occupations"
99,U.S.,1,0,Cross-industry,cross-industry,1235,49-9095,Manufactured Building and Mobile Home Installers,detailed,2810,10.8,,,,16.49,34300.0,1.8,10.87,12.99,16.29,19.23,23.14,22610.0,27020.0,33890.0,40010.0,48120.0,,,2019,,,49,"Installation, Maintenance, and Repair Occupations"
99,U.S.,1,0,Cross-industry,cross-industry,1235,47-5023,"Earth Drillers, Except Oil and Gas",detailed,17410,4.1,,,,30.41,63260.0,0.9,21.37,23.91,28.65,35.35,42.19,44450.0,49720.0,59600.0,73530.0,87760.0,,,2024,US,,47,Construction and Extraction Occupations
99,U.S.,1,0,Cross-industry,cross-industry,1235,19-1013,Soil and Plant Scientists,detailed,16600,4.9,,,,39.92,83040.0,2.9,21.79,27.86,34.33,47.17,63.19,45320.0,57950.0,71410.0,98110.0,131440.0,,,2024,US,,19,"Life, Physical, and Social Science Occupations"
99,U.S.,1,0,Cross-industry,cross-industry,1235,29-1131,Veterinarians,detailed,80630,1.2,,,,67.44,140270.0,1.5,33.82,47.32,60.34,77.7,102.35,70350.0,98420.0,125510.0,161610.0,212890.0,,,2024,US,,29,Healthcare Practitioners and Technical Occupations
99,U.S.,1,0,Cross-industry,cross-industry,1235,43-4061,"Eligibility Interviewers, Government Programs",detailed,139780,3.4,,,,22.65,47110.0,0.5,15.47,17.87,22.4,26.91,30.21,32180.0,37160.0,46590.0,55960.0,62840.0,,,2019,,,43,Office and Administrative Support Occupations
99,U.S.,1,0,Cross-industry,cross-industry,1235,27-4032,Film and Video Editors,detailed,28860,4.9,,,,40.16,83530.0,1.7,18.83,24.15,34.12,48.83,70.15,39170.0,50230.0,70980.0,101570.0,145900.0,,,2024,US,,27,"Arts, Design, Entertainment, Sports, and Media Occupations"
99,U.S.,1,0,Cross-industry,cross-industry,1235,49-3031,Bus and Truck Mechanics and Diesel Engine Specialists,detailed,271720,0.9,,,,26.99,56140.0,0.3,17.8,21.96,26.14,30.86,37.66,37030.0,45670.0,54360.0,64180.0,78340.0,,,2022,US,,49,"Installation, Maintenance, and Repair Occupations"
99,U.S.,1,0,Cross-industry,cross-industry,1235,43-1011,First-Line Supervisors of Office and Administrative Support Workers,detailed,1487870,0.3,,,,28.91,60130.0,0.1,16.49,20.85,27.22,34.85,44.02,34290.0,43360.0,56620.0,72480.0,91570.0,,,2019,,,43,Office and Administrative Support Occupations
99,U.S.,1,0,Cross-industry,cross-industry,1235,27-4021,Photographers,detailed,51230,2.0,,,,26.76,55650.0,2.5,14.23,16.73,20.44,29.99,45.56,29610.0,34790.0,42520.0,62370.0,94760.0,,,2024,US,,27,"Arts, Design, Entertainment, Sports, and Media Occupations"
99,U.S.,1,0,Cross-industry,cross-industry,1235,25-9044,"Teaching Assistants, Postsecondary",detailed,135160,0.4,,,,,41900.0,0.5,,,,,,23190.0,30310.0,38050.0,50380.0,63630.0,True,,2022,US,,25,Educational Instruction and Library Occupations
99,U.S.,1,0,Cross-industry,cross-industry,1235,29-1122,Occupational Therapists,detailed,133570,1.2,,,,41.45,86210.0,0.4,27.31,33.51,40.84,48.84,58.41,56800.0,69710.0,84950.0,101590.0,121490.0,,,2019,,,29,Healthcare Practitioners and Technical Occupations
99,U.S.,1,0,Cross-industry,cross-industry,1235,19-3032,Industrial-Organizational Psychologists,detailed,1050,24.7,,,,64.62,134400.0,11.6,24.94,38.84,52.81,95.27,107.97,51880.0,80790.0,109840.0,198170.0,224590.0,,,2024,US,,19,"Life, Physical, and Social Science Occupations"
99,U.S.,1,0,Cross-industry,cross-industry,1235,27-2012,Producers and Directors,detailed,145270,1.6,,,,54.94,114280.0,2.0,20.7,28.75,40.13,63.06,95.45,43060.0,59810.0,83480.0,131160.0,198530.0,,,2024,US,,27,"Arts, Design, Entertainment, Sports, and Media Occupations"
99,U.S.,1,0,Cross-industry,cross-industry,1235,39-5094,Skincare Specialists,detailed,56660,3.5,,,,18.74,38970.0,1.6,9.85,12.13,16.39,22.49,30.07,20500.0,25220.0,34090.0,46770.0,62540.0,,,2019,,,39,Personal Care and Service Occupations
99,U.S.,1,0,Cross-industry,cross-industry,1235,51-2028,"Electrical, Electronic, and Electromechanical Assemblers, Except Coil Winders, Tapers, and Finishers",detailed,261140,1.2,,,,22.08,45930.0,0.4,16.4,18.0,21.17,23.96,29.36,34110.0,37450.0,44040.0,49830.0,61080.0,,,2024,US,,51,Production Occupations
99,U.S.,1,0,Cross-industry,cross-industry,1235,27-3099,"Media and Communication Workers, All Other",detailed,25160,4.2,,,,25.51,53060.0,1.8,10.97,14.8,22.88,32.59,44.55,22820.0,30790.0,47580.0,67790.0,92660.0,,,2019,,,27,"Arts, Design, Entertainment, Sports, and Media Occupations"
99,U.S.,1,0,Cross-industry,cross-industry,1235,33-9032,Security Guards,detailed,1241770,0.5,,,,20.62,42890.0,0.4,14.33,16.88,18.45,22.43,28.64,29800.0,35100.0,38370.0,46660.0,59580.0,,,2024,US,,33,Protective Service Occupations
99,U.S.,1,0,Cross-industry,cross-industry,1235,25-2052,"Special Education Teachers, Kindergarten and Elementary School",detailed,231570,1.2,,,,,70150.0,0.6,,,,,,47590.0,57050.0,63000.0,79320.0,100620.0,True,,2024,US,,25,Educational Instruction and Library Occupations
99,U.S.,1,0,Cross-industry,cross-industry,1235,53-5021,"Captains, Mates, and Pilots of Water Vessels",detailed,35390,2.7,,,,46.95,97660.0,1.6,22.24,29.23,41.13,59.87,78.96,46260.0,60800.0,85540.0,124530.0,164230.0,,,2024,US,,53,Transportation and Material Moving Occupations
99,U.S.,1,0,Cross-industry,cross-industry,1235,11-9131,Postmasters and Mail Superintendents,detailed,13810,0.0,,,,45.08,93760.0,0.0,39.15,41.9,44.58,47.88,52.47,81430.0,87150.0,92730.0,99590.0,109140.0,,,2024,US,,11,Management Occupations
99,U.S.,1,0,Cross-industry,cross-industry,1235,47-3019,"Helpers, Construction Trades, All Other",detailed,28530,3.5,,,,16.06,33400.0,0.9,10.26,12.56,15.34,18.68,23.11,21350.0,26130.0,31910.0,38850.0,48070.0,,,2019,,,47,Construction and Extraction Occupations
99,U.S.,1,0,Cross-industry,cross-industry,1235,35-3041,"Food Servers, Nonrestaurant",detailed,271780,1.3,,,,16.84,35030.0,0.5,12.78,14.33,16.57,18.05,21.53,26590.0,29800.0,34460.0,37550.0,44770.0,,,2024,US,,35,Food Preparation and Serving Related Occupations
99,U.S.,1,0,Cross-industry,cross-industry,1235,51-3092,Food Batchmakers,detailed,171660,1.6,,,,20.59,42830.0,0.6,14.83,16.99,19.61,23.56,27.79,30850.0,35340.0,40790.0,49010.0,57800.0,,,2024,US,,51,Production Occupations
99,U.S.,1,0,Cross-industry,cross-industry,1235,25-2057,"Special Education Teachers, Middle School",detailed,95330,2.4,,,,,72310.0,1.0,,,,,,48070.0,58590.0,64880.0,81940.0,102730.0,True,,2024,US,,25,Educational Instruction and Library Occupations
99,U.S.,1,0,Cross-industry,cross-industry,1235,51-4034,"Lathe and Turning Machine Tool Setters, Operators, and Tenders, Metal and Plastic",detailed,19410,3.1,,,,22.99,47820.0,0.8,15.66,18.16,22.61,26.5,30.99,32580.0,37780.0,47020.0,55130.0,64450.0,,,2022,US,,51,Production Occupations
99,U.S.,1,0,Cross-industry,cross-industry,1235,47-2021,Brickmasons and Blockmasons,detailed,55530,1.8,,,,29.99,62380.0,0.9,18.02,22.74,28.37,35.58,44.85,37490.0,47300.0,59000.0,74000.0,93290.0,,,2022,US,,47,Construction and Extraction Occupations
99,U.S.,1,0,Cross-industry,cross-industry,1235,51-2028,"Electrical, Electronic, and Electromechanical Assemblers, Except Coil Winders, Tapers, and Finishers",detailed,275510,1.3,,,,20.08,41770.0,0.3,14.26,16.46,18.55,22.61,28.18,29650.0,34230.0,38580.0,47020.0,58620.0,,,2022,US,,51,Production Occupations
99,U.S.,1,0,Cross-industry,cross-industry,1235,25-3097,"Tutors and Teachers and Instructors, All Other",detailed,320250,1.7,,,,,48700.0,1.3,,,,,,21500.0,27260.0,39350.0,61490.0,87290.0,True,,2019,,,25,Educational Instruction and Library Occupations
99,U.S.,1,0,Cross-industry,cross-industry,1235,53-7063,Machine Feeders and Offbearers,detailed,51010,1.9,,,,18.8,39100.0,0.6,13.55,15.29,18.29,21.84,24.48,28190.0,31800.0,38040.0,45420.0,50910.0,,,2022,US,,53,Transportation and Material Moving Occupations
99,U.S.,1,0,Cross-industry,cross-industry,1235,25-1113,"Social Work Teachers, Postsecondary",detailed,13640,3.8,,,,,77910.0,1.9,,,,,,34900.0,53320.0,72070.0,96050.0,128350.0,True,,2019,,,25,Educational Instruction and Library Occupations
99,U.S.,1,0,Cross-industry,cross-industry,1235,39-3011,Gambling Dealers,detailed,71290,0.8,,,,16.51,34350.0,0.9,9.42,10.6,14.0,18.09,29.35,19590.0,22060.0,29120.0,37630.0,61060.0,,,2022,US,,39,Personal Care and Service Occupations
99,U.S.,1,0,Cross-industry,cross-industry,1235,43-9031,Desktop Publishers,detailed,6560,12.7,,,,25.67,53390.0,8.6,14.12,16.21,23.04,32.69,41.74,29370.0,33720.0,47910.0,68000.0,86820.0,,,2022,US,,43,Office and Administrative Support Occupations
99,U.S.,1,0,Cross-industry,cross-industry,1235,13-1121,"Meeting, Convention, and Event Planners",detailed,112070,2.1,,,,28.24,58750.0,1.1,15.41,19.24,25.27,33.76,44.66,32050.0,40030.0,52560.0,70230.0,92880.0,,,2022,US,,13,Business and Financial Operations Occupations
99,U.S.,1,0,Cross-industry,cross-industry,1235,47-5013,"Service Unit Operators, Oil and Gas",detailed,36320,4.0,,,,27.49,57170.0,1.5,17.08,19.72,24.11,31.09,40.16,35530.0,41010.0,50140.0,64680.0,83530.0,,,2022,US,,47,Construction and Extraction Occupations
99,U.S.,1,0,Cross-industry,cross-industry,1235,33-3052,Transit and Railroad Police,detailed,3370,3.1,,,,36.72,76380.0,1.4,24.08,27.4,33.25,44.51,54.96,50080.0,56990.0,69150.0,92580.0,114310.0,,,2022,US,,33,Protective Service Occupations
99,U.S.,1,0,Cross-industry,cross-industry,1235,27-1022,Fashion Designers,detailed,20910,7.0,,,,58.86,122430.0,13.2,17.29,25.83,38.79,51.92,81.55,35970.0,53730.0,80690.0,107990.0,169620.0,,,2024,US,,27,"Arts, Design, Entertainment, Sports, and Media Occupations"
99,U.S.,1,0,Cross-industry,cross-industry,1235,51-4061,"Model Makers, Metal and Plastic",detailed,3230,7.8,,,,31.65,65840.0,1.5,18.47,23.49,30.14,38.21,46.05,38430.0,48860.0,62700.0,79470.0,95780.0,,,2024,US,,51,Production Occupations
99,U.S.,1,0,Cross-industry,cross-industry,1235,27-2023,"Umpires, Referees, and Other Sports Officials",detailed,12720,4.5,,,,,49030.0,11.1,,,,,,22090.0,28080.0,36010.0,48610.0,69010.0,True,,2022,US,,27,"Arts, Design, Entertainment, Sports, and Media Occupations"
99,U.S.,1,0,Cross-industry,cross-industry,1235,29-9092,Genetic Counselors,detailed,3220,4.8,,,,44.77,93120.0,1.2,30.94,38.44,43.26,50.29,61.72,64360.0,79940.0,89990.0,104610.0,128380.0,,,2022,US,,29,Healthcare Practitioners and Technical Occupations
99,U.S.,1,0,Cross-industry,cross-industry,1235,25-2023,"Career/Technical Education Teachers, Middle School",detailed,14200,3.6,,,,,68690.0,1.3,,,,,,47090.0,55920.0,63620.0,78270.0,98430.0,True,,2024,US,,25,Educational Instruction and Library Occupations
99,U.S.,1,0,Cross-industry,cross-industry,1235,35-9099,"Food Preparation and Serving Related Workers, All Other",detailed,81930,4.9,,,,15.38,31990.0,1.2,10.42,13.0,14.83,17.0,20.17,21660.0,27040.0,30840.0,35360.0,41960.0,,,2022,US,,35,Food Preparation and Serving Related Occupations
99,U.S.,1,0,Cross-industry,cross-industry,1235,51-9151,Photographic Process Workers and Processing Machine Operators,detailed,5550,6.1,,,,22.14,46050.0,2.3,14.83,16.57,19.28,24.8,33.31,30840.0,34460.0,40100.0,51590.0,69290.0,,,2024,US,,51,Production Occupations
99,U.S.,1,0,Cross-industry,cross-industry,1235,53-3031,Driver/Sales Workers,detailed,489510,2.0,,,,17.1,35560.0,0.8,9.49,11.84,15.72,21.27,26.54,19730.0,24630.0,32690.0,44250.0,55200.0,,,2022,US,,53,Transportation and Material Moving Occupations
99,U.S.,1,0,Cross-industry,cross-industry,1235,13-1121,"Meeting, Convention, and Event Planners",detailed,134670,1.6,,,,31.29,65090.0,1.1,17.3,21.93,28.58,37.09,48.71,35990.0,45610.0,59440.0,77150.0,101310.0,,,2024,US,,13,Business and Financial Operations Occupations
99,U.S.,1,0,Cross-industry,cross-industry,1235,13-2081,"Tax Examiners and Collectors, and Revenue Agents",detailed,50610,0.6,,,,30.97,64410.0,0.3,17.58,21.41,27.86,37.66,51.5,36570.0,44530.0,57950.0,78330.0,107120.0,,,2022,US,,13,Business and Financial Operations Occupations
99,U.S.,1,0,Cross-industry,cross-industry,1235,25-1072,"Nursing Instructors and Teachers, Postsecondary",detailed,69190,0.8,,,,,84180.0,0.6,,,,,,47760.0,61800.0,78580.0,100630.0,127290.0,True,,2022,US,,25,Educational Instruction and Library Occupations
99,U.S.,1,0,Cross-industry,cross-industry,1235,47-4021,Elevator and Escalator Installers and Repairers,detailed,23340,6.1,,,,50.42,104860.0,1.7,26.31,36.88,51.24,63.34,71.76,54720.0,76700.0,106580.0,131740.0,149250.0,,,2024,US,,47,Construction and Extraction Occupations
99,U.S.,1,0,Cross-industry,cross-industry,1235,25-1054,"Physics Teachers, Postsecondary",detailed,13780,2.3,,,,,101110.0,1.3,,,,,,49690.0,64660.0,89590.0,124880.0,168900.0,True,,2019,,,25,Educational Instruction and Library Occupations
99,U.S.,1,0,Cross-industry,cross-industry,1235,51-9141,Semiconductor Processing Technicians,detailed,27680,7.4,,,,20.17,41950.0,2.6,12.94,15.09,18.3,23.9,30.86,26910.0,31390.0,38060.0,49710.0,64190.0,,,2019,,,51,Production Occupations
99,U.S.,1,0,Cross-industry,cross-industry,1235,29-2053,Psychiatric Technicians,detailed,136300,2.0,,,,21.64,45000.0,0.4,15.86,17.87,20.47,23.51,28.92,32980.0,37170.0,42590.0,48910.0,60150.0,,,2024,US,,29,Healthcare Practitioners and Technical Occupations
99,U.S.,1,0,Cross-industry,cross-industry,1235,27-1014,Special Effects Artists and Animators,detailed,29340,4.2,,,,40.76,84780.0,2.1,19.35,26.63,36.19,49.68,67.28,40250.0,55390.0,75270.0,103330.0,139940.0,,,2019,,,27,"Arts, Design, Entertainment, Sports, and Media Occupations"
99,U.S.,1,0,Cross-industry,cross-industry,1235,43-4061,"Eligibility Interviewers, Government Programs",detailed,156260,1.1,,,,25.95,53970.0,0.3,18.12,21.08,24.76,29.65,34.75,37690.0,43850.0,51500.0,61680.0,72280.0,,,2024,US,,43,Office and Administrative Support Occupations
99,U.S.,1,0,Cross-industry,cross-industry,1235,51-7041,"Sawing Machine Setters, Operators, and Tenders, Wood",detailed,50730,2.4,,,,15.46,32150.0,0.6,10.17,12.17,14.62,18.16,22.44,21150.0,25310.0,30410.0,37780.0,46670.0,,,2019,,,51,Production Occupations
99,U.S.,1,0,Cross-industry,cross-industry,1235,19-1029,"Biological Scientists, All Other",detailed,59710,1.9,,,,48.29,100440.0,0.8,26.2,32.67,44.87,58.34,76.82,54500.0,67950.0,93330.0,121350.0,159780.0,,,2024,US,,19,"Life, Physical, and Social Science Occupations"
99,U.S.,1,0,Cross-industry,cross-industry,1235,11-9141,"Property, Real Estate, and Community Association Managers",detailed,220750,1.3,,,,34.48,71720.0,0.9,14.92,20.02,28.25,40.59,62.1,31030.0,41630.0,58760.0,84430.0,129160.0,,,2019,,,11,Management Occupations
99,U.S.,1,0,Cross-industry,cross-industry,1235,41-2021,Counter and Rental Clerks,detailed,411560,1.2,,,,15.67,32600.0,0.4,9.43,11.36,13.86,18.23,24.45,19620.0,23630.0,28820.0,37910.0,50860.0,,,2019,,,41,Sales and Related Occupations
99,U.S.,1,0,Cross-industry,cross-industry,1235,13-2082,Tax Preparers,detailed,82370,3.3,,,,26.85,55840.0,1.4,13.31,16.52,23.2,35.82,46.45,27680.0,34350.0,48250.0,74500.0,96610.0,,,2022,US,,13,Business and Financial Operations Occupations
99,U.S.,1,0,Cross-industry,cross-industry,1235,47-2031,Carpenters,detailed,734170,0.8,,,,25.41,52850.0,0.4,14.51,17.86,23.24,30.31,40.72,30170.0,37140.0,48330.0,63050.0,84690.0,,,2019,,,47,Construction and Extraction Occupations
99,U.S.,1,0,Cross-industry,cross-industry,1235,25-1082,"Library Science Teachers, Postsecondary",detailed,4390,3.2,,,,,77170.0,1.2,,,,,,46230.0,56750.0,71410.0,91160.0,118330.0,True,,2019,,,25,Educational Instruction and Library Occupations
99,U.S.,1,0,Cross-industry,cross-industry,1235,43-3071,Tellers,detailed,442120,0.9,,,,15.22,31660.0,0.2,11.21,12.94,15.02,17.5,19.34,23330.0,26920.0,31230.0,36390.0,40230.0,,,2019,,,43,Office and Administrative Support Occupations
99,U.S.,1,0,Cross-industry,cross-industry,1235,37-3019,"Grounds Maintenance Workers, All Other",detailed,14310,4.4,,,,18.21,37870.0,2.0,10.88,13.09,15.43,22.32,31.46,22630.0,27220.0,32090.0,46430.0,65440.0,,,2019,,,37,Building and Grounds Cleaning and Maintenance Occupations
99,U.S.,1,0,Cross-industry,cross-industry,1235,39-9098,"Crematory Operators and Personal Care and Service Workers, All Other",detailed,61510,3.5,,,,14.03,29190.0,1.3,9.22,10.98,13.04,16.13,18.9,19180.0,22840.0,27130.0,33540.0,39310.0,,,2019,,,39,Personal Care and Service Occupations
99,U.S.,1,0,Cross-industry,cross-industry,1235,41-2022,Parts Salespersons,detailed,259280,2.0,,,,18.87,39250.0,0.4,11.31,13.96,17.21,22.24,28.4,23510.0,29030.0,35800.0,46270.0,59070.0,,,2022,US,,41,Sales and Related Occupations
