MAJOR_SOC,MAJOR_TITLE,YEAR,emp_sum,wage_mean,wage_median,wage_mode,wage_std,wage_var,wage_q1,wage_q3
11,Management Occupations,2019,8054130,110622.0,113755.0,49440.0,33885.0,1148184841.0,83072.0,133815.0
11,Management Occupations,2022,9860710,118032.0,115410.0,57610.0,39372.0,1550134621.0,84335.0,145098.0
11,Management Occupations,2024,10966830,126781.0,125240.0,62640.0,42248.0,1784903994.0,94630.0,154830.0
13,Business and Financial Operations Occupations,2019,8183760,74340.0,71570.0,49550.0,15099.0,227976914.0,65640.0,80220.0
13,Business and Financial Operations Occupations,2022,9677710,83041.0,80840.0,51650.0,19416.0,376967676.0,72705.0,88805.0
13,Business and Financial Operations Occupations,2024,10351430,90631.0,86250.0,51910.0,25121.0,631084450.0,77132.0,97358.0
15,Computer and Mathematical Occupations,2019,4552880,96881.0,96110.0,56550.0,17703.0,313413131.0,90600.0,107280.0
15,Computer and Mathematical Occupations,2022,5003920,107726.0,105510.0,61580.0,21730.0,472199075.0,97160.0,119860.0
15,Computer and Mathematical Occupations,2024,5192870,113686.0,111960.0,64990.0,22088.0,487865266.0,101190.0,127730.0
17,Architecture and Engineering Occupations,2019,2592680,85461.0,92660.0,48500.0,25341.0,642148842.0,63570.0,98510.0
17,Architecture and Engineering Occupations,2022,2481150,89933.0,93610.0,51570.0,25200.0,635056603.0,66880.0,106185.0
17,Architecture and Engineering Occupations,2024,2567220,98367.0,95695.0,56890.0,27213.0,740561149.0,75292.0,116455.0
19,"Life, Physical, and Social Science Occupations",2019,1288900,80753.0,78290.0,44440.0,22261.0,495568405.0,65760.0,97160.0
19,"Life, Physical, and Social Science Occupations",2022,1314370,86508.0,85875.0,45000.0,25259.0,637994899.0,67728.0,100605.0
19,"Life, Physical, and Social Science Occupations",2024,1446780,92080.0,93885.0,49680.0,25861.0,668792217.0,72870.0,107965.0
21,Community and Social Service Occupations,2019,2244330,51324.0,51030.0,37050.0,7853.0,61673776.0,46900.0,59300.0
21,Community and Social Service Occupations,2022,2313620,56726.0,60130.0,41600.0,7871.0,61949413.0,49900.0,63300.0
21,Community and Social Service Occupations,2024,2569640,63722.0,65100.0,47090.0,8797.0,77384665.0,58070.0,71530.0
23,Legal Occupations,2019,1150780,85700.0,72280.0,52050.0,35261.0,1243354914.0,58672.0,107310.0
23,Legal Occupations,2022,1216600,97128.0,87225.0,57030.0,41014.0,1682166336.0,65442.0,112615.0
23,Legal Occupations,2024,1273410,102730.0,88695.0,59600.0,43244.0,1870050114.0,69015.0,127742.0
25,Educational Instruction and Library Occupations,2019,8886600,75935.0,77910.0,29640.0,22252.0,495171077.0,62735.0,89145.0
25,Educational Instruction and Library Occupations,2022,8496770,79628.0,81870.0,33740.0,21609.0,466961724.0,67230.0,93095.0
25,Educational Instruction and Library Occupations,2024,8947690,83731.0,84635.0,35960.0,23029.0,530329054.0,69638.0,99355.0
27,"Arts, Design, Entertainment, Sports, and Media Occupations",2019,2017800,64271.0,64670.0,29760.0,17978.0,323224908.0,53320.0,73760.0
27,"Arts, Design, Entertainment, Sports, and Media Occupations",2022,2063380,85339.0,75040.0,34310.0,52641.0,2771092189.0,63808.0,86408.0
27,"Arts, Design, Entertainment, Sports, and Media Occupations",2024,2098720,82878.0,78865.0,37700.0,36663.0,1344193569.0,64768.0,85720.0
29,Healthcare Practitioners and Technical Occupations,2019,8673130,107375.0,82950.0,58600.0,67848.0,4603338524.0,55215.0,151520.0
29,Healthcare Practitioners and Technical Occupations,2022,9042690,141559.0,91205.0,36370.0,102415.0,10488886829.0,63180.0,222425.0
29,Healthcare Practitioners and Technical Occupations,2024,9592720,155796.0,99690.0,39560.0,111162.0,12357001853.0,70040.0,254045.0
31,Healthcare Support Occupations,2019,6521780,37637.0,35210.0,26440.0,9972.0,99436847.0,30710.0,40010.0
31,Healthcare Support Occupations,2022,6792310,42815.0,40580.0,30930.0,10406.0,108294764.0,36070.0,44710.0
31,Healthcare Support Occupations,2024,7448000,46508.0,43610.0,34990.0,10380.0,107734978.0,40070.0,48860.0
33,Protective Service Occupations,2019,3498790,54681.0,53280.0,25380.0,18408.0,338843260.0,40360.0,66882.0
33,Protective Service Occupations,2022,3437590,57670.0,55535.0,28370.0,18852.0,355401526.0,43652.0,70488.0
33,Protective Service Occupations,2024,3654920,65745.0,62470.0,34700.0,20787.0,432097556.0,48982.0,80055.0
35,Food Preparation and Serving Related Occupations,2019,13494570,29912.0,26510.0,23250.0,8819.0,77767757.0,25020.0,29030.0
35,Food Preparation and Serving Related Occupations,2022,12514640,34511.0,31990.0,27920.0,8034.0,64551281.0,30290.0,34490.0
35,Food Preparation and Serving Related Occupations,2024,13613500,38514.0,35990.0,31140.0,8430.0,71063738.0,33940.0,38360.0
37,Building and Grounds Cleaning and Maintenance Occupations,2019,4429100,38047.0,38550.0,26810.0,7434.0,55266201.0,33088.0,41860.0
37,Building and Grounds Cleaning and Maintenance Occupations,2022,4316360,42605.0,42385.0,31920.0,7219.0,52115628.0,38292.0,46510.0
37,Building and Grounds Cleaning and Maintenance Occupations,2024,4496160,46313.0,45880.0,36180.0,7346.0,53963268.0,41698.0,50172.0
39,Personal Care and Service Occupations,2019,3303200,35342.0,31100.0,28230.0,12635.0,159653161.0,27930.0,38288.0
39,Personal Care and Service Occupations,2022,2835630,40753.0,36620.0,34340.0,13070.0,170831124.0,32988.0,47445.0
39,Personal Care and Service Occupations,2024,3159920,43991.0,41180.0,30830.0,10832.0,117336212.0,36412.0,50448.0
41,Sales and Related Occupations,2019,14371440,55283.0,45260.0,24370.0,25804.0,665865602.0,35168.0,70278.0
41,Sales and Related Occupations,2022,13183240,64080.0,61145.0,28730.0,28413.0,807298795.0,38665.0,77370.0
41,Sales and Related Occupations,2024,13351670,67812.0,64000.0,31810.0,28926.0,836713749.0,42718.0,81532.0
43,Office and Administrative Support Occupations,2019,19528260,41712.0,41920.0,41880.0,7654.0,58579048.0,36442.0,46200.0
43,Office and Administrative Support Occupations,2022,18674770,45817.0,45675.0,41140.0,7902.0,62438688.0,41140.0,49785.0
43,Office and Administrative Support Occupations,2024,18218060,50443.0,49965.0,34740.0,8413.0,70786272.0,45385.0,55398.0
45,"Farming, Fishing, and Forestry Occupations",2019,482680,38660.0,39110.0,27570.0,8488.0,72046083.0,32790.0,46420.0
45,"Farming, Fishing, and Forestry Occupations",2022,461000,44010.0,44570.0,32990.0,8504.0,72312700.0,36290.0,48650.0
45,"Farming, Fishing, and Forestry Occupations",2024,440980,48715.0,48130.0,36080.0,8709.0,75840744.0,42830.0,55650.0
47,Construction and Extraction Occupations,2019,6194150,49501.0,48455.0,32930.0,10252.0,105106240.0,42970.0,55918.0
47,Construction and Extraction Occupations,2022,6075510,55106.0,54380.0,37590.0,10272.0,105509899.0,48458.0,61590.0
47,Construction and Extraction Occupations,2024,6361730,60170.0,59810.0,40880.0,11395.0,129856344.0,52522.0,66292.0
49,"Installation, Maintenance, and Repair Occupations",2019,5713450,50489.0,49450.0,30350.0,11803.0,139300471.0,42015.0,58190.0
49,"Installation, Maintenance, and Repair Occupations",2022,5823380,56096.0,53220.0,34970.0,12868.0,165597881.0,47225.0,62265.0
49,"Installation, Maintenance, and Repair Occupations",2024,6045030,62217.0,61480.0,67580.0,13222.0,174833427.0,53345.0,68910.0
51,Production Occupations,2019,9159020,41892.0,37860.0,30540.0,12898.0,166347146.0,34010.0,44820.0
51,Production Occupations,2022,8738950,47026.0,42750.0,41770.0,14083.0,198339910.0,38860.0,49200.0
51,Production Occupations,2024,8743430,51584.0,47420.0,44130.0,14692.0,215840464.0,43280.0,55030.0
53,Transportation and Material Moving Occupations,2019,12532040,53753.0,49120.0,26450.0,26837.0,720216221.0,36340.0,61455.0
53,Transportation and Material Moving Occupations,2022,13560460,58775.0,52430.0,31230.0,32816.0,1076906711.0,39175.0,65118.0
53,Transportation and Material Moving Occupations,2024,13645590,64350.0,56170.0,34190.0,39171.0,1534381269.0,43038.0,69332.0
